Date,Value,zscore,rolling_mean,rolling_std,first_difference
2022-01-01,52.65570432661451,-1.7322624785170442,,,
2022-01-02,49.7898809117414,-1.8372709319490657,,,-2.8658234148731125
2022-01-03,54.028611965475726,-1.681956898936103,,,4.238731053734327
2022-01-04,58.71413245417292,-1.5102717708543623,,,4.685520488697193
2022-01-05,50.23682631923724,-1.8208941217917793,,,-8.47730613493568
2022-01-06,50.54526369657776,-1.8095924722180246,,,0.3084373773405247
2022-01-07,59.92006233474966,-1.466084529222647,53.69864028693846,4.128441804994392,9.374798638171896
2022-01-08,56.16886547648623,-1.603534512554136,54.200520451205854,4.193552622739185,-3.7511968582634267
2022-01-09,50.29160668792696,-1.818886879557422,54.2721955620895,4.109038938915012,-5.877258788559274
2022-01-10,55.65860837207337,-1.6222311667544678,54.50505219160345,4.139010712132928,5.367001684146409
2022-01-11,50.93504164806876,-1.7953103710754517,53.39375350501714,3.8551304188800257,-4.7235667240046055
2022-01-12,51.2292455459034,-1.784530259452051,53.535527680255164,3.7360939788064766,0.29420389783464174
2022-01-13,55.07286210431018,-1.6436938672691517,54.182327452788364,3.517661584298755,3.8436165584067794
2022-01-14,44.601148354578726,-2.0273945726005795,51.99391116990681,4.074246119957519,-10.471713749731457
2022-01-15,45.84675200777479,-1.9817536191026872,50.51932353151945,4.177984961986211,1.2456036531960635
2022-01-16,51.96293844968413,-1.7576465524098728,50.75808521177048,4.210432858723185,6.116186441909342
2022-01-17,50.01244954905178,-1.8291156533421769,49.951491094195966,3.613704377094869,-1.950488900632351
2022-01-18,56.949216032826925,-1.5749411928712547,50.81065886344714,4.494195400456046,6.936766483775145
2022-01-19,51.13832966397513,-1.787861565946425,50.79767088031452,4.492915280634048,-5.810886368851797
2022-01-20,48.91645021529207,-1.869274860083018,49.91818346759765,4.102132996759444,-2.2218794486830546
2022-01-21,63.60473109376875,-1.3310722441719256,52.63298100176765,5.893850109906092,14.688280878476675
2022-01-22,55.44507625524118,-1.6300553324829783,54.004170179977145,5.117269325966527,-8.159654838527565
2022-01-23,57.207973716012674,-1.5654598884810498,54.753460932309785,5.15244837960407,1.762897460771491
2022-01-24,50.0418238924993,-1.8280393293928374,54.75765726708801,5.14795359376035,-7.166149823513372
2022-01-25,54.73769363637397,-1.6559749876879826,54.44172549616615,5.058117827756028,4.695869743874667
2022-01-26,58.307026408300224,-1.5251888016937554,55.46582503106974,5.0032323530603575,3.5693327719262555
2022-01-27,52.28896936590903,-1.7457002468189131,55.94761348115787,4.392555530620565,-6.018057042391192
2022-01-28,60.21262293774317,-1.455364630607802,55.46302660172565,3.5043389524724273,7.923653571834137
2022-01-29,55.61976138992002,-1.6236545836667775,55.48798162096549,3.5048117702878114,-4.592861547823148
2022-01-30,57.45188949235942,-1.5565224158130149,55.52282673187216,3.5259111191035304,1.8321281024393983
2022-01-31,56.18776541846994,-1.6028419877923645,56.400818378439396,2.568947947135025,-1.2641240738894837
2022-02-01,68.74212233866595,-1.1428298331070597,58.401451050195384,5.182036974821231,12.554356920196014
2022-02-02,59.69612723552895,-1.4742898772270894,58.599894025513784,5.204367658694419,-9.045995103137003
2022-02-03,54.75634643210217,-1.655291518768915,58.95237646354137,4.771233895632141,-4.939780803426778
2022-02-04,64.43727637000246,-1.3005664246522297,59.55589838243556,5.204713763872022,9.680929937900295
2022-02-05,54.4983050326281,-1.6647465773533274,59.39569033139386,5.3609806614379565,-9.938971337374362
2022-02-06,61.92309169394648,-1.3926902600235784,60.03443350304916,5.357146752767411,7.424786661318379
2022-02-07,51.35491123243732,-1.779925663326583,59.34402576218735,6.1832399750825315,-10.568180461509165
2022-02-08,54.78501669197132,-1.6542409935925455,57.35015352694525,4.72628110577721,3.430105459534005
2022-02-09,62.68109494167204,-1.3649157822497497,57.77657748496569,5.093605149711851,7.896078249700722
2022-02-10,65.65808056512138,-1.2558341638271373,59.33396807539702,5.652240227831514,2.9769856234493375
2022-02-11,63.08962594453701,-1.3499465386574043,59.14144658604481,5.469440501122405,-2.568454620584369
2022-02-12,61.9196194339225,-1.3928174893054455,60.20163435765829,5.1280303314556885,-1.1700065106145132
2022-02-13,61.255420153194336,-1.4171548364280746,60.10625270897942,5.096788793149687,-0.6641992807281625
2022-02-14,55.629370578953306,-1.6233024872766495,60.71688975848169,4.014762108672288,-5.62604957424103
2022-02-15,59.68172874248804,-1.474817461543042,61.416420051412665,3.1403006908078552,4.052358163534734
2022-02-16,61.23461639117389,-1.4179171202673362,61.209780258484344,3.0904066759571527,1.5528876486858465
2022-02-17,69.078137525118,-1.1305176875380474,61.69835982419816,4.036425420466543,7.843521133944108
2022-02-18,65.76315479056129,-1.2519840724880307,62.08029251648734,4.307400795546052,-3.3149827345567076
2022-02-19,55.48018607509525,-1.6287688513048226,61.1603734652263,4.982202348576346,-10.28296871546604
2022-02-20,66.1638831843065,-1.2373007292453537,61.86158246967089,5.331013953173684,10.683697109211252
2022-02-21,62.86384847848919,-1.3582193939933052,62.89507931246174,4.568105381278903,-3.3000347058173105
2022-02-22,61.64813423727085,-1.4027651505891536,63.17599438314499,4.3947388591976155,-1.2157142412183362
2022-02-23,68.33226629855385,-1.1578476282296004,64.18994436991356,4.681593520933835,6.684132061282995
2022-02-24,70.66764847652598,-1.0722754085984694,64.41701736297185,4.986802424608693,2.3353821779721358
2022-02-25,70.4054127039476,-1.0818841558681354,65.08019706488417,5.479953346808139,-0.2622357725783786
2022-02-26,61.786851524257216,-1.397682322493352,65.98114927190731,3.9408806500933844,-8.618561179690388
2022-02-27,64.6683413551709,-1.2920998259745495,65.76750043917365,3.9697563730261125,2.8814898309136794
2022-02-28,68.09969355174516,-1.1663694737578596,66.51547830678166,3.8219852550650546,3.4313521965742666
2022-03-01,71.54755699919174,-1.040034122325471,67.92968155848465,3.5420429499401243,3.4478634474465792
2022-03-02,64.4978704402613,-1.298346158891259,67.3819107215857,3.7592395597436354,-7.049686558930446
2022-03-03,66.18678655168499,-1.2364615124344647,66.74178758946556,3.4774329186571604,1.6889161114236941
2022-03-04,61.802150914335,-1.3971217278376644,65.51275019094948,3.4871040811523324,-4.384635637349987
2022-03-05,61.56891733049349,-1.4056677875147885,65.48161673469751,3.5266622782455714,-0.2332335838415105
2022-03-06,71.82606109616465,-1.029829277063258,66.50414812626805,4.220893373729848,10.25714376567116
2022-03-07,74.75544785992157,-0.9224917586488623,67.45497017029325,5.261580710020819,2.9293867637569235
2022-03-08,67.82232516436262,-1.1765327047646326,66.92279419388909,4.958302687730642,-6.93312269555895
2022-03-09,73.40545955840729,-0.971957536253172,68.1953069250528,5.359077466000104,5.583134394044663
2022-03-10,70.39866545418082,-1.0821313861263757,68.79700391112364,5.332363884742878,-3.006794104226472
2022-03-11,65.56482830972418,-1.2592510788636633,69.33452925332209,4.656556020152678,-4.833837144456638
2022-03-12,70.79457970285144,-1.067624441026814,70.65248102080179,3.15618769409905,5.229751393127259
2022-03-13,76.87217410386154,-0.8449314497821178,71.37335430761563,3.9462811258823915,6.077594401010103
2022-03-14,69.19444866603192,-1.1262558572518901,70.57892585134569,3.704278277443292,-7.677725437829622
2022-03-15,77.38556654498909,-0.8261199117205931,71.94510319143518,4.242571780050748,8.191117878957172
2022-03-16,56.64955861964414,-1.5859211302094935,69.55140305732616,7.067636716731583,-20.73600792534495
2022-03-17,74.04088450116438,-0.9486745278986577,70.0717200640381,7.271535992155558,17.391325881520245
2022-03-18,70.54683346381552,-1.076702268107766,70.78343508605114,6.995466456462046,-3.494051037348868
2022-03-19,68.79391300487431,-1.1409321384575815,70.4976255577687,7.035689612785201,-1.7529204589412046
2022-03-20,70.92221880458341,-1.0629475357434086,69.6476319435861,6.47422525885543,2.1283057997090964
2022-03-21,60.69713793793081,-1.437611209175668,68.43373041100024,7.3153335030027495,-10.225080866652597
2022-03-22,69.7052828379224,-1.1075380583560983,67.33654702427643,6.2468581606654,9.008144899991585
2022-03-23,72.75494769245749,-0.9957933541294772,69.63731689182119,4.324965742315515,3.049664854535095
2022-03-24,78.52167188690987,-0.7844911552969384,70.27742937549911,5.305722069608666,5.7667241944523795
2022-03-25,68.70073401650971,-1.144346368870295,70.01370088302686,5.335894813238298,-9.820937870400158
2022-03-26,67.40656036954208,-1.1917670063161538,69.81550764940796,5.413947666784067,-1.2941736469676357
2022-03-27,69.09424035998747,-1.129927653352152,69.55436787160855,5.395724156975507,1.687679990445389
2022-03-28,76.33108223740015,-0.8647579400560385,71.78778848581844,4.227670696074032,7.236841877412687
2022-03-29,73.54591797903214,-0.9668109101753845,72.33645064883413,4.161053060708148,-2.785164258368013
2022-03-30,69.39849361410958,-1.1187793168910802,71.85695720907015,4.295990950779985,-4.147424364922557
2022-03-31,74.7558030072835,-0.9224787454691168,71.31897594055208,3.4807122787099725,5.357309393173921
2022-04-01,72.81406226738977,-0.9936272994951567,71.90659426210638,3.307949342419303,-1.9417407398937314
2022-04-02,77.30814496386935,-0.828956764980097,73.32110634701029,3.1774126526989286,4.49408269647958
2022-04-03,69.0879370635142,-1.1301586164361808,73.32020587608554,3.1788107689233045,-8.220207900355149
2022-04-04,71.09021245025876,-1.056791974019953,72.57151019220818,2.961213294536788,2.0022753867445573
2022-04-05,70.89534317176026,-1.063932302851919,72.1928566483122,2.9852169339298142,-0.19486927849850133
2022-04-06,65.6627129070181,-1.2556644272495734,71.65917369015628,3.79274990106102,-5.232630264742156
2022-04-07,74.5823394278367,-0.9288347345052724,71.63439317880673,3.7696418299808445,8.919626520818596
2022-04-08,74.5255160864503,-0.9309168345979922,71.87888658152967,3.9117287418473,-0.05682334138640499
2022-04-09,73.36136545739343,-0.9735732161757067,71.31506093774739,3.222455896720104,-1.1641506290568628
2022-04-10,72.27548407106411,-1.0133616847873046,71.77042479596881,3.0772327985287684,-1.0858813863293193
2022-04-11,66.48125792637254,-1.2256716000220456,71.11200272112792,3.6808995756644753,-5.794226144691578
2022-04-12,71.5616553443292,-1.0395175359192215,71.20719017435205,3.682977773469496,5.080397417956661
2022-04-13,72.05516707354708,-1.0214344596323919,72.12039791242763,2.7545764865837135,0.4935117292178859
2022-04-14,69.85830820131147,-1.1019309589577315,71.4455363086383,2.6265940007482054,-2.196858872235609
2022-04-15,73.16132875042632,-0.9809028880317031,71.25065240349201,2.4008951936298506,3.303020549114848
2022-04-16,76.08319375814895,-0.8738409790509365,71.63948501788568,2.9559487230333685,2.92186500772263
2022-04-17,83.58618293689962,-0.5989191936789358,73.25529914157644,5.42323560425436,7.502989178750667
2022-04-18,75.1176014806075,-0.9092218581324273,74.48906250646716,4.5349428119945525,-8.468581456292114
2022-04-19,75.61908246786349,-0.8908467752072129,75.06869495268634,4.354110201093775,0.501480987255988
2022-04-20,74.04289307060594,-0.948600930631787,75.35265580940904,4.186409294878854,-1.5761893972575507
2022-04-21,64.90224850809392,-1.2835290856254895,74.64464728180654,5.487415319075645,-9.140644562512023
2022-04-22,74.44172353776301,-0.9339871305210119,74.82756082285464,5.450949518815136,9.539475029669092
2022-04-23,74.95085611350959,-0.9153316808887894,74.66579830219187,5.424213027541253,0.5091325757465768
2022-04-24,87.03856983915189,-0.4724180954699487,75.15899643108504,6.433532266222566,12.087713725642303
2022-04-25,73.83046979285271,-0.9563844666843093,74.97512047569151,6.453275930886135,-13.20810004629918
2022-04-26,76.36720767014448,-0.8634342451618042,75.08199550458879,6.471886448940927,2.5367378772917704
2022-04-27,74.75041013362474,-0.9226763491733514,75.18306937073433,6.458464584725436,-1.6167975365197407
2022-04-28,69.14239997952541,-1.1281630061867658,75.78880529522453,5.454303893342334,-5.608010154099333
2022-04-29,80.75907086051386,-0.7025092004042468,76.69128348418896,5.710870163161004,11.616670880988451
2022-04-30,78.86115706618291,-0.7720518635200816,77.24989790599943,5.703495149852388,-1.8979137943309468
2022-05-01,79.11057908669201,-0.7629126330672834,76.11732779850516,3.954831906434378,0.24942202050910112
2022-05-02,70.65982647227884,-1.0725620196173022,75.6643787527089,4.415175228120235,-8.450752614413176
2022-05-03,82.26952201930204,-0.6471638014708045,76.50756651687426,5.0846144333602,11.609695547023207
2022-05-04,68.29255032806239,-1.1593028862947747,75.58501511607963,5.966028947760521,-13.976971691239655
2022-05-05,78.27984163305074,-0.7933522110127335,76.89036392372611,5.2818598369725684,9.987291304988346
2022-05-06,86.33910778752185,-0.4980475281470876,77.68751205615582,6.2882431469390845,8.059266154471118
2022-05-07,70.47297286140845,-1.0794086412876596,76.48920002690234,6.805297965518818,-15.866134926113403
2022-05-08,72.6305710891682,-1.0003507161381602,75.56348459868465,6.829973500713614,2.157598227759749
2022-05-09,75.99433203860683,-0.8770970176784392,76.32555682244579,6.480299840014157,3.3637609494386282
2022-05-10,73.01035315691848,-0.9864348805117567,75.00281841353386,5.991356425336648,-2.983978881688344
2022-05-11,67.80374243642194,-1.1772136062854561,74.93298871472807,6.084720956762963,-5.206610720496542
2022-05-12,75.92690648138762,-0.8795676002860892,74.59685512163334,5.932095220818858,8.123164044965677
2022-05-13,70.29734148751149,-1.0858440618552168,72.30517422163186,3.027133755485129,-5.62956499387613
2022-05-14,77.99936034385365,-0.8036295038292937,73.38037243340975,3.557987915695489,7.702018856342164
2022-05-15,71.0546187532575,-1.0580961852475648,73.15523638542251,3.661688874768102,-6.944741590596152
2022-05-16,83.41959184677881,-0.6050233634747271,74.21598778658993,5.320839010550827,12.364973093521314
2022-05-17,71.76970662569195,-1.031894196959441,74.03875256784328,5.387931221036964,-11.649885221086862
2022-05-18,74.08962797551264,-0.9468884873388487,74.93673621628481,4.648681382819741,2.3199213498206888
2022-05-19,79.7794297706596,-0.7384048509283423,75.48709668618082,5.000206641959401,5.689801795146963
2022-05-20,69.56741295037652,-1.1125898363515265,75.38282118087581,5.132338349728347,-10.212016820283083
2022-05-21,76.86694543689232,-0.8451230366848903,75.22104762273848,5.053357538041197,7.299532486515801
2022-05-22,82.27132939692845,-0.6470975762008415,76.82343485754862,5.285079060630979,5.404383960036128
2022-05-23,67.70226676767275,-1.1809318406264244,74.57810270339061,5.3539419898246985,-14.569062629255697
2022-05-24,76.6650563881852,-0.8525205813694552,75.2774383837468,5.244568037168842,8.962789620512453
2022-05-25,77.04168200075162,-0.8387204034194687,75.69916038735235,5.251819989535621,0.37662561256641425
2022-05-26,79.64998058044142,-0.7431480808120442,75.68066764589263,5.23525974048844,2.6082985796898015
2022-05-27,69.55296912465283,-1.1131190817310619,75.6786042422178,5.2380728595827755,-10.09701145578859
2022-05-28,69.13059586005025,-1.128595528415379,74.57341144552608,5.737864655757501,-0.42237326460258373
2022-05-29,78.33608481623071,-0.7912913688648288,74.01123364828355,5.003765379272666,9.20548895618046
2022-05-30,77.20318275189486,-0.8328027519627714,75.36850736031526,4.23706148760831,-1.1329020643358518
2022-05-31,76.96103336736735,-0.8416755011477994,75.41078978591271,4.253600932847118,-0.242149384527508
2022-06-01,77.42959068879195,-0.8245067951445979,75.46620531277563,4.280828908833519,0.4685573214245977
2022-06-02,72.28452127141362,-1.0130305469973304,74.41399684005738,3.9753850136083955,-5.145069417378323
2022-06-03,76.8317676721327,-0.8464120074754256,75.45382520398307,3.402681300584048,4.547246400719075
2022-06-04,77.1203197125369,-0.8358389891449013,76.59521432576688,1.9640108163249623,0.28855204040419835
2022-06-05,72.06630746570187,-1.0210262574575024,75.6995318471199,2.4155285303130554,-5.054012246835029
2022-06-06,84.94873896911795,-0.5489929138826442,76.80603987815176,4.2763889491711975,12.882431503416086
2022-06-07,77.96957350778364,-0.8047209421824428,76.95011704106837,4.299408769257847,-6.979165461334318
2022-06-08,69.62322089698978,-1.1105449419827176,75.83492135652521,5.093416941087026,-8.346352610793858
2022-06-09,78.84066961301701,-0.7728025572859804,76.77151397675426,4.931972534353177,9.217448716027235
2022-06-10,70.66153717533916,-1.072499336661432,75.89005247721232,5.444193908153978,-8.17913243767785
2022-06-11,79.44634066596754,-0.7506097800796797,76.22234118484528,5.600538687961326,8.784803490628377
2022-06-12,81.27884353920014,-0.6834638800115799,77.5384177667736,5.543275180651296,1.832502873232599
2022-06-13,71.35642594088738,-1.0470374766602863,75.59665876274066,4.852466121739142,-9.922417598312762
2022-06-14,80.24976226361404,-0.7211710997391889,75.92240001357358,5.108105667154493,8.893336322726668
2022-06-15,77.46895111270204,-0.8230645648872214,77.04321861581819,4.290978587423118,-2.780811150912001
2022-06-16,79.4866817546498,-0.7491316166623866,77.13550606462287,4.342715099976661,2.0177306419477503
2022-06-17,84.83089904684621,-0.5533107612161837,79.15970061769531,4.118662838997098,5.344217292196419
2022-06-18,74.08981475242875,-0.9468816435273997,78.39448263004691,4.533265410224462,-10.741084294417462
2022-06-19,71.51721326411736,-1.04114596636826,76.9999640193208,4.977742002569985,-2.572601488311392
2022-06-20,70.80682798268485,-1.067175644036799,76.92145002529186,5.084777174069658,-0.710385281432508
2022-06-21,71.143271966675,-1.0548477866252224,75.62052284001486,5.253452071276655,0.33644398399015074
2022-06-22,74.80420541793109,-0.9207052020406885,75.239844883619,5.193390496585283,3.660933451256085
2022-06-23,76.86238198026825,-0.8452902491934875,74.86494491585022,4.923430078379624,2.0581765623371666
2022-06-24,76.50655220953207,-0.8583284335129255,73.67575251051962,2.546774598959788,-0.35582977073617883
2022-06-25,79.22510905612309,-0.7587160678151614,74.40936598247595,3.310915145239231,2.7185568465910137
2022-06-26,75.1199659986574,-0.909135218326833,74.9240449445531,3.0566620844886083,-4.105143057465682
2022-06-27,82.28811052058697,-0.6464826884052127,76.56422816425342,3.523863361194822,7.1681445219295625
2022-06-28,73.66241025130377,-0.9625424429402645,76.92410506205752,2.9617809778090036,-8.6257002692832
2022-06-29,88.55161610819889,-0.4169776074555293,78.88802087495291,5.104559412085362,14.889205856895117
2022-06-30,78.04405538767169,-0.8019918043803147,79.05683136172483,5.0456044682147,-10.507560720527195
2022-07-01,70.59480273475069,-1.074944595626265,78.21229572247036,5.956202205905942,-7.449252652921004
2022-07-02,69.49097439012263,-1.1153906701199905,76.82170505589886,6.762119076460439,-1.103828344628056
2022-07-03,77.22267082462953,-0.8320886771291238,77.12209145960917,6.720500480041099,7.731696434506901
2022-07-04,73.65794319538024,-0.9627061231696497,75.88921041315106,6.398741552687794,-3.5647276292492904
2022-07-05,78.31033545022719,-0.792234867716451,76.55319972728297,6.370248498134965,4.652392254846944
2022-07-06,77.07177538532761,-0.8376177326280795,74.91322248115851,3.673341872114718,-1.2385600648995734
2022-07-07,74.30692629470802,-0.938926321800783,74.37934689644942,3.404187652831602,-2.7648490906195917
2022-07-08,70.40286599597528,-1.081977471410234,74.35192736233864,3.440332456759048,-3.9040602987327446
2022-07-09,67.028693060949,-1.2056126820378161,74.00017288674242,4.08554571702522,-3.37417293502628
2022-07-10,72.33683053074012,-1.011113850248486,73.30219570190107,3.8540479285873297,5.30813746979112
2022-07-11,78.81830740387603,-0.7736219451746517,74.03939058882904,4.389738992534166,6.481476873135918
2022-07-12,75.57417272640909,-0.8924923415284608,73.64851019971216,4.055118666286836,-3.2441346774669455
2022-07-13,68.24293337288786,-1.1611209326195564,72.3872470550779,4.18389666151805,-7.331239353521227
2022-07-14,75.30603794061138,-0.9023172382830261,72.52997729020697,4.276320771719497,7.063104567723514
2022-07-15,76.33585896346135,-0.8645829130067264,73.37754771413356,4.371365529290173,1.0298210228499727
2022-07-16,69.95980608267813,-1.098211910710158,73.79627814580913,3.759403227801815,-6.37605288078322
2022-07-17,75.11827197231058,-0.9091972902206663,74.19362692317635,3.7262839790531963,5.158465889632453
2022-07-18,74.61202451147071,-0.9277470245276689,73.59272936711844,3.1509521216737606,-0.506247460839873
2022-07-19,68.57829429071471,-1.1488327605222188,72.59331816201924,3.5070804023130204,-6.033730220755999
2022-07-20,76.05512666635575,-0.8748694031632678,73.7093457753718,3.112804859516082,7.476832375641038
2022-07-21,77.04408438493834,-0.838632376136738,73.95763812456137,3.323573294149324,0.9889577185825971
2022-07-22,79.63036596588137,-0.7438667923449764,74.42828198204994,3.8997906774693822,2.586281580943023
2022-07-23,79.46009213095904,-0.7501059039288716,75.78546570323293,3.73515744667148,-0.17027383492232673
2022-07-24,67.27977898762695,-1.1964124833437295,74.66568099113526,4.946927351529639,-12.180313143332086
2022-07-25,69.45716381468164,-1.1166295448595434,73.9292723201654,5.325445667934237,2.1773848270546807
2022-07-26,76.70079483007886,-0.8512110664524347,75.08962954007457,4.826758718840962,7.243631015397227
2022-07-27,76.67509073842713,-0.8521529063778172,75.17819583608477,4.8530435977254704,-0.025704091651732597
2022-07-28,76.6632012729568,-0.8525885558231715,75.12378396294454,4.830720606627462,-0.011889465470332539
2022-07-29,93.3347275044904,-0.2417165890302586,77.08154989703155,8.411444789008682,16.671526231533605
2022-07-30,76.90998076439844,-0.8435461519539942,76.71724827323717,8.346230523697997,-16.424746740091962
2022-07-31,79.71921071885718,-0.7406113754001911,78.49430994912721,7.2548569746630935,2.8092299544587434
2022-08-01,78.7986865734192,-0.7743408844682002,79.82881320037544,6.079391975050536,-0.9205241454379802
2022-08-02,77.27441453815129,-0.8301927029028158,79.91075887295722,6.033897146755274,-1.5242720352679129
2022-08-03,72.43142178832962,-1.0076478719833517,79.3045204515147,6.5998200537207685,-4.842992749821676
2022-08-04,77.79449651158038,-0.8111360494453033,79.46613405703236,6.537921701411276,5.363074723250762
2022-08-05,70.12902239910079,-1.0920115483323545,76.151033327691,3.5209146781471623,-7.665474112479586
2022-08-06,72.80421168451699,-0.9939882409500652,75.56449488770792,3.710302403067287,2.675189285416195
2022-08-07,71.5583434365599,-1.0396388896324191,74.3986567045226,3.4610065650415422,-1.245868247957091
2022-08-08,74.3931300646824,-0.935767674789233,73.76929148898877,2.879191504990643,2.834786628122501
2022-08-09,85.55743313510413,-0.5266893648741533,74.95257985998204,5.269592941759922,11.164303070421738
2022-08-10,64.65001849382263,-1.2927712055587366,73.8409508179096,6.554237273474893,-20.907414641281505
2022-08-11,77.42171272361652,-0.8247954566632977,73.78769599105762,6.518175066169254,12.771694229793894
2022-08-12,65.93280227744033,-1.2457679113200593,73.18823597367756,7.079520155256101,-11.488910446176192
2022-08-13,71.6446335357668,-1.0364770793767046,73.02258195242753,7.103529390620187,5.71183125832647
2022-08-14,79.45893669828585,-0.7501482408702989,74.1512381326741,7.451245906906559,7.814303162519053
2022-08-15,74.34749193619659,-0.9374399304016879,74.14471840003327,7.4510189425270426,-5.111444762089263
2022-08-16,68.6513304202406,-1.1461565973760977,71.72956086933847,5.659835867427376,-5.696161515955993
2022-08-17,70.4795890292693,-1.0791662140846752,72.56235666011658,4.8095412086736875,1.8282586090287083
2022-08-18,77.47227621750713,-0.8229427276130651,72.56958001638667,4.818086122407666,6.992687188237824
2022-08-19,70.44279604799685,-1.0805143690479302,73.21386484075187,4.0177604467601,-7.029480169510279
2022-08-20,75.19946028902814,-0.9062224176130191,73.72169723407492,4.0110106844163465,4.756664241031288
2022-08-21,74.36979498942186,-0.9366227100824445,72.9946769899515,3.1710525394113103,-0.8296652996062761
2022-08-22,70.9109660674786,-1.0633598544208682,72.50374472299178,3.1926500680128456,-3.4588289219432653
2022-08-23,84.91801641638742,-0.5501186384234426,74.82755700815562,5.2062527743305855,14.00705034890882
2022-08-24,77.3995472956817,-0.825607634166983,75.81612247478596,4.890464947602279,-7.518469120705717
2022-08-25,64.13825472679017,-1.3115230663397344,73.9112622618264,6.477270352626625,-13.261292568891534
2022-08-26,75.23264448404551,-0.9050064944758587,74.59552632411906,6.300376434232563,11.094389757255342
2022-08-27,71.03026541494636,-1.058988531363061,73.99992705639309,6.429510595432752,-4.202379069099152
2022-08-28,78.64263790719201,-0.7800587626234293,74.61033318750312,6.6688508658121215,7.612372492245655
2022-08-29,70.46161806307299,-1.0798246996554053,74.54614061544517,6.712415195162163,-8.181019844119021
2022-08-30,73.89679472530422,-0.953954212766859,72.97168037386184,4.930051953783856,3.4351766622312283
2022-08-31,77.04420004591002,-0.8386281381297154,72.92091648103732,4.878419241827864,3.147405320605799
2022-09-01,78.89938401663409,-0.7706511655826345,75.0296492367293,3.4223163582187364,1.8551839707240703
2022-09-02,68.62305345923232,-1.1471927114394507,74.08542194747028,4.184013258896458,-10.276330557401764
2022-09-03,73.00856443011676,-0.9865004223850229,74.36803609249463,4.006293946059761,4.3855109708844395
2022-09-04,72.36551067383243,-1.0100629629346678,73.47130363058612,3.568644250363176,-0.6430537562843313
2022-09-05,71.53541225224077,-1.040479125701473,73.62470280046723,3.438412419274203,-0.8300984215916571
2022-09-06,83.69382764018935,-0.5949749158305727,75.0242789311651,5.140324688077067,12.15841538794858
2022-09-07,76.95866133530673,-0.8417624162790264,75.01205911536464,5.134821257867707,-6.735166304882625
2022-09-08,68.69924834885958,-1.1444008061609685,73.55489687711113,5.292689430825461,-8.259412986447145
2022-09-09,79.66563206872969,-0.7425745847025034,75.13240810703932,5.222923539340677,10.966383719870109
2022-09-10,85.76251546731433,-0.5191748130633683,76.95440111235327,6.441071892341529,6.096883398584637
2022-09-11,80.39224911542686,-0.7159501486276829,78.10107803258106,6.1978659022505544,-5.370266351887466
2022-09-12,67.71405491805344,-1.1804999035315304,77.55516984198286,6.990200548247818,-12.67819419737343
2022-09-13,72.97352651867935,-0.9877842687212752,76.0236982531957,6.583665666075886,5.259471600625915
2022-09-14,81.81587072674508,-0.6637863262159149,76.71758530911548,6.9446942924055355,8.842344208065725
2022-09-15,72.0324266383194,-1.0222677063430015,77.19375363618117,6.395864590007182,-9.783444088425682
2022-09-16,77.88218506391514,-0.8079229975815427,76.93897549263623,6.316009745752486,5.849758425595752
2022-09-17,79.6314403556506,-0.7438274249479957,76.06310761954141,5.218179316687462,1.7492552917354516
2022-09-18,71.22168049195028,-1.0519747701189324,74.75302638761617,5.100002172994757,-8.409759863700316
2022-09-19,75.65966096077035,-0.8893599129111491,75.88811296514716,4.047963461581451,4.437980468820072
2022-09-20,59.85480873875893,-1.468475527621328,74.01401042515853,7.329191145311013,-15.80485222201142
2022-09-21,71.04597755396422,-1.0584128129116686,72.47545425761841,6.502209450913834,11.191168815205288
2022-09-22,75.01476690235462,-0.9129898851384274,72.90150286676631,6.565739102544318,3.968789348390402
2022-09-23,70.1513133132549,-1.091194772808517,71.79709261667199,6.229926072377456,-4.86345358909972
2022-09-24,84.66784419136759,-0.5592853575955457,72.51657887891727,7.4557303625589775,14.51653087811269
2022-09-25,69.47358246494329,-1.1160279386815528,72.26685058934484,7.535184218580882,-15.194261726424301
2022-09-26,74.54551731609666,-0.9301839568564665,72.10768721153433,7.462995781599183,5.071934851153372
2022-09-27,77.52384634626968,-0.8210531138160178,74.63183544117871,5.3037771937343665,2.9783290301730148
2022-09-28,84.20387065934325,-0.5762861060640013,76.51153445623287,6.093889259533914,6.680024313073574
2022-09-29,69.9485141084621,-1.0986256670994963,75.78778405710536,6.582541787916808,-14.255356550881146
2022-09-30,83.07692614683016,-0.6175791947269477,77.63430017618752,6.550745197427674,13.128412038368054
2022-10-01,77.44851818170862,-0.823813260871617,76.60296788909339,5.782038645392982,-5.628407965121539
2022-10-02,72.6290183003038,-1.0004076128598183,77.05374443700204,5.2302576054475844,-4.819499881404823
2022-10-03,79.98925013563183,-0.7307166898539615,77.83142055407849,5.199777192842004,7.360231835328037
2022-10-04,78.81916344439391,-0.7735905784510809,78.01646585381052,5.210045407904944,-1.1700866912379269
2022-10-05,74.97087136257653,-0.9145982894527822,76.69746595427242,4.503346558342695,-3.8482920818173767
2022-10-06,78.47201224430022,-0.7863107657591055,77.91510854510645,3.3887773240633865,3.5011408817236855
2022-10-07,76.35043102894346,-0.8640489687128647,76.95418067112261,2.5246467949544935,-2.1215812153567555
2022-10-08,79.00152901563855,-0.7669084058872506,77.17603936168403,2.6408889082725078,2.651097986695092
2022-10-09,81.9044791066632,-0.6605395703662592,78.50110519116397,2.2817358551878026,2.9029500910246497
2022-10-10,86.68672664308826,-0.4853102051782702,79.45788754937202,3.864792079114332,4.782247536425061
2022-10-11,72.73330762601609,-0.9965862815294646,78.58847957531805,4.639335835630459,-13.953419017072179
2022-10-12,89.75621175960634,-0.3728392541610587,80.70067106060802,5.909629216230703,17.02290413359026
2022-10-13,69.50217347774188,-1.1149803172473594,79.41926552252825,7.285690676053139,-20.254038281864467
2022-10-14,78.6781521648787,-0.7787574621821284,79.75179711337614,7.174552190558123,9.17597868713682
2022-10-15,82.55601530705847,-0.6366662192018392,80.25958086929327,7.238105436624256,3.877863142179777
2022-10-16,81.19961475664716,-0.6863669520850412,80.15888596214813,7.216278116383053,-1.3564005504113084
2022-10-17,76.86424565806443,-0.8452219609932945,78.755674392859,6.669669543765275,-4.335369098582731
2022-10-18,79.12306787955485,-0.7624550232868086,79.6684972862217,6.122911997779932,2.2588222214904192
2022-10-19,77.88744386238444,-0.8077303066113644,77.97295901519,4.20766217349649,-1.2356240171704087
2022-10-20,77.5972123410075,-0.8183648638694445,79.12939313851366,2.0515085737186904,-0.2902315213769384
2022-10-21,84.98643620705603,-0.5476116254773669,80.03057657311042,2.990778565835897,7.389223866048525
2022-10-22,82.7206777443357,-0.6306327183981637,80.05409977843574,3.014505727958334,-2.2657584627203278
2022-10-23,77.67099409201435,-0.8156613799337189,79.55001111205961,3.0852260631847384,-5.049683652321349
2022-10-24,85.83623170547936,-0.5164737296252322,80.83172340454746,3.603596528377057,8.16523761346501
2022-10-25,83.08014922937902,-0.6174610957149909,81.39702074023663,3.6012598508139813,-2.756082476100346
2022-10-26,85.81609027438762,-0.5172117445768426,82.52968451337995,3.560079357815818,2.7359410450086017
2022-10-27,85.11073962268468,-0.543056945184178,83.60304555361954,2.89576778796197,-0.7053506517029433
2022-10-28,78.03110189175305,-0.8024664416402012,82.6094263657191,3.4769397302762086,-7.079637730931623
2022-10-29,79.59129641191028,-0.7452983646524295,82.16237188965833,3.6567833530009866,1.560194520157225
2022-10-30,86.34741398787249,-0.49774317539171903,83.40186044620951,3.337168625612107,6.756117575962207
2022-10-31,85.88413709493985,-0.5147183978653629,83.40870407327529,3.343036860422764,-0.4632768929326403
2022-11-01,82.95168806385958,-0.622168122759038,83.39035247820107,3.3454927534668166,-2.9324490310802673
2022-11-02,83.86928791907685,-0.5885457644637767,83.11223785601383,3.1874146179453953,0.9175998552172757
2022-11-03,89.89994864177542,-0.3675724998944201,83.79641057302679,4.077581675719412,6.0306607226985705
2022-11-04,80.7852313127107,-0.7015506386826779,84.1898576331636,3.5238436911146773,-9.114717329064717
2022-11-05,86.71250219474385,-0.48436574684156214,85.20717274499695,2.957400496425803,5.927270882033142
2022-11-06,83.20241327104458,-0.6129811414166842,84.75788692830726,2.9939720667382845,-3.5100889236992714
2022-11-07,83.36373652677466,-0.6070699936819992,84.39782970428367,2.9875000666863785,0.16132325573008188
2022-11-08,90.18716741839556,-0.3570483345278484,85.43146961207451,3.593910711229319,6.823430891620902
2022-11-09,89.06384926162966,-0.3982085475897964,86.17354980386777,3.750470068336679,-1.1233181567659045
2022-11-10,89.25011223993093,-0.39138356766202065,86.0807160321757,3.6495437103060158,0.18626297830127214
2022-11-11,91.95803458112302,-0.292160867621659,87.67683078480603,3.38089373162806,2.707922341192088
2022-11-12,85.78598326270509,-0.5183149146876858,87.54447093737193,3.4425135043333697,-6.172051318417928
2022-11-13,89.34326585971166,-0.38797026679567864,88.42173559289579,2.889649368268595,3.5572825970065765
2022-11-14,84.63688336832016,-0.5604198127501518,88.60361371311659,2.536751041650798,-4.706382491391508
2022-11-15,88.06590937524089,-0.43477469592397455,88.30057684980878,2.4409458316296635,3.4290260069207363
2022-11-16,86.0533315946314,-0.5085188348882415,87.87050289738045,2.546961606439775,-2.01257778060949
2022-11-17,87.45006859108308,-0.4573401087017323,87.6133538046879,2.4742892590540078,1.3967369964516791
2022-11-18,90.20395167858112,-0.356433331804743,87.3627705328962,2.0053281729433605,2.753883087498039
2022-11-19,83.40213944250574,-0.6056628480891226,87.02222141572486,2.467001253799475,-6.801812236075378
2022-11-20,98.22221611054324,-0.06263101905945188,88.29064288012937,4.921161006154179,14.820076668037501
2022-11-21,82.99915172743532,-0.6204289765574822,88.05668121714584,5.157093941385255,-15.223064383107925
2022-11-22,82.22913739685815,-0.6486435600362699,87.22285664880543,5.607540243052632,-0.770014330577169
2022-11-23,94.3633199129244,-0.20402728219404026,88.409997837133,6.17009377064692,12.134182516066247
2022-11-24,92.80556714815224,-0.26110588927403117,89.17506905957146,6.360327172064141,-1.557752764772161
2022-11-25,92.24410320003784,-0.28167884591307085,89.46651927692243,6.461273596351775,-0.5614639481143939
2022-11-26,92.54320313409517,-0.27071933552105676,90.77238551857806,5.933529208583971,0.29909993405732394
2022-11-27,89.61989245614402,-0.3778342162216026,89.54348213937816,4.94127940613273,-2.92331067795115
2022-11-28,85.4761421806125,-0.5296679982975799,89.89733791840347,4.459744937210979,-4.1437502755315165
2022-11-29,90.62431877210766,-0.34103039450726474,91.0966495434391,2.9153248171024564,5.148176591495158
2022-11-30,87.14392036008277,-0.4685578802125129,90.06530675017602,2.843178084727627,-3.4803984120248828
2022-12-01,95.69126782302324,-0.15536910055100325,90.47754970372903,3.450960516147406,8.547347462940465
2022-12-02,90.36778565023552,-0.35043018733541925,90.20950433947155,3.3626172736691453,-5.32348217278772
2022-12-03,87.2644085672829,-0.46414299539120146,89.45539082992694,3.343894892722639,-3.103377082952619
2022-12-04,90.07516093597476,-0.36115243509187056,89.52042918418849,3.35204521171047,2.8107523686918654
2022-12-05,94.0382712088875,-0.21593759792523798,90.74359047394205,3.188495387474851,3.963110272912729
2022-12-06,89.4477973742405,-0.38414006127128647,90.57551598853244,3.2266114270119846,-4.590473834647
2022-12-07,88.44936059586152,-0.42072441654003845,90.76200745078657,3.0267519043709554,-0.9984367783789736
2022-12-08,94.07413076214677,-0.21462364528985342,90.53098787066135,2.6225409190078444,5.624770166285245
2022-12-09,94.37690249513004,-0.20352959418450495,91.10371884850342,2.992618812854792,0.302771732983274
2022-12-10,90.91482427124365,-0.33038579825634107,91.62520680621209,2.4875132847183514,-3.462078223886394
2022-12-11,91.39286714720014,-0.3128695260331939,91.81345055067287,2.398945032575489,0.47804287595648987
2022-12-12,95.20782704246726,-0.1730831608202751,91.98052995546998,2.611071929629295,3.8149598952671226
2022-12-13,87.10762631992309,-0.46988775315799486,91.6462198048532,3.0944652824533527,-8.100200722544173
2022-12-14,87.61210337465359,-0.45140288942415013,91.52661163039491,3.250854658608137,0.5044770547305006
2022-12-15,91.3594301951091,-0.3140947106026053,91.13879726367524,3.052147661696271,3.7473268204555126
2022-12-16,94.18745046836108,-0.21047142605988287,91.11173268842255,3.0193118842604703,2.8280202732519797
2022-12-17,97.11301564738255,-0.10327393675567112,91.99718859929953,3.7679761270612144,2.9255651790214756
2022-12-18,103.23975773552802,0.12121990606594389,93.68960154048924,5.644557703155125,6.126742088145463
2022-12-19,100.45643119951568,0.01923427309703261,94.43940213435329,6.201018174877945,-2.783326536012339
2022-12-20,95.67420463531208,-0.15599432363448779,95.66319903655173,5.291531080407301,-4.782226564203597
2022-12-21,96.68513820360327,-0.11895206556030241,96.95934686925884,3.925685310108305,1.0109335682911933
2022-12-22,92.07440195646952,-0.2878969768139902,97.0614856923103,3.76157379725886,-4.610736247133758
2022-12-23,97.30176988657664,-0.09635767295740565,97.50638846634111,3.5428028750900666,5.227367930107121
2022-12-24,96.25873594544689,-0.1345761411528686,97.38434850892172,3.5731953871903013,-1.0430339411297496
2022-12-25,99.62367171762703,-0.011279395267928304,96.86776479207875,2.7527892435581367,3.3649357721801465
2022-12-26,94.18227948664472,-0.21066089928071785,95.97145740452574,2.386658330792791,-5.441392230982316
2022-12-27,101.22377679633333,0.047351069809456844,96.76425342752877,3.089650707706402,7.041497309688609
2022-12-28,106.59955268730089,0.24432828388970557,98.18059835377129,4.829773470080374,5.37577589096756
2022-12-29,98.70102423737866,-0.04508670679347909,99.12725867961545,4.013982205656678,-7.898528449922225
2022-12-30,101.56245244619664,0.059760699105756855,99.73592761670402,4.014073847236778,2.8614282088179834
2022-12-31,103.31373365718572,0.12393050473164291,100.74378443266671,3.8789203764426885,1.7512812109890774
2023-01-01,98.16603120212916,-0.06468972592469804,100.53555007330988,3.9867022316891036,-5.14770245505656
2023-01-02,101.6016648266494,0.06119750480891423,101.59546226473911,2.8364127770258367,3.4356336245202357
2023-01-03,100.85313127888124,0.033770012317511366,101.5425129051031,2.84794383173756,-0.7485335477681616
2023-01-04,101.58736366487692,0.06067348686970155,100.82648590189967,1.802969862897364,0.7342323859956821
2023-01-05,97.54254427357658,-0.08753530592889608,100.66098876421367,2.064750274323171,-4.0448193913003365
2023-01-06,101.83849935261838,0.06987550889047778,100.70042403655964,2.0873496194473358,4.2959550790418035
2023-01-07,104.51398971343995,0.16790984816765664,100.8718891874531,2.3682013046356616,2.67549036082157
2023-01-08,109.5874098696969,0.35380825399911797,102.50351471139132,3.7339319063819283,5.073420156256944
2023-01-09,107.43533274802776,0.2749526311997215,103.33689584301682,4.129191043594799,-2.1520771216691372
2023-01-10,113.71172044170132,0.5049297335682613,105.17383715199112,5.479488076486167,6.276387693673556
2023-01-11,99.4153922976908,-0.018911093597879552,104.8635555281074,5.770206665067394,-14.296328144010516
2023-01-12,107.91949749735808,0.292693218868041,106.34597741721903,4.832705637541832,8.50410519966728
2023-01-13,104.77976077517177,0.17764813420949901,106.76615762044094,4.491289327121352,-3.1397367221863135
2023-01-14,115.11656424395608,0.5564055063680534,108.28081112480038,5.317077561159733,10.33680346878431
2023-01-15,100.4298497435642,0.018260285109863102,106.97258824963856,6.021878824200792,-14.686714500391872
2023-01-16,100.57576688498511,0.023606927638607212,105.9926502692039,6.475098318714993,0.1459171414209095
2023-01-17,102.0796419235038,0.07871136677826053,104.33092476660427,5.597017924541013,1.5038750385186859
2023-01-18,94.75850074830151,-0.1895472105561432,103.66565454526292,6.484987904733146,-7.3211411752022855
2023-01-19,103.04967493317736,0.11425496154239896,102.96996560752282,6.207881792285885,8.291174184875842
2023-01-20,102.18230541420004,0.08247312485658324,102.59890055595544,6.15911253355281,-0.8673695189773127
2023-01-21,107.028456181542,0.2600440088600953,101.44345654703913,3.678580025768406,4.846150767341953
2023-01-22,108.28273763655965,0.30600293119854666,102.56529767460992,4.4371608883901015,1.2542814550176473
2023-01-23,116.25118688865248,0.5979799343422889,104.80464338941955,6.662995156082654,7.968449252092839
2023-01-24,111.9176840144968,0.43919330694694525,106.21007797384712,7.020399039547884,-4.333502874155684
2023-01-25,104.57508898068784,0.17014862517193136,107.6124477213309,5.057734963094082,-7.342595033808962
2023-01-26,103.26034010300909,0.12197407764746553,107.64254274559256,5.0265910080485785,-1.3147488776787526
2023-01-27,110.50353311055308,0.3873765067310114,108.83128955935727,4.4736067517493785,7.243193007543994
2023-01-28,101.7329668109116,0.06600862409434326,108.07479107783865,5.215504005701664,-8.770566299641473
2023-01-29,117.78024866878582,0.6540072568564794,109.43157836815668,6.383252243451269,16.04728185787421
2023-01-30,114.80755884493225,0.545083043551525,109.22534579048236,6.14507713271834,-2.972689823853571
2023-01-31,106.8504202190934,0.25352048023827445,108.50145096256757,6.073099951237441,-7.9571386258388515
2023-02-01,100.91505877066686,0.0360391368223862,107.97858950399315,6.602002189347104,-5.935361448426534
2023-02-02,116.53297523004566,0.6083051196873819,109.87468023642694,6.91939441870605,15.617916459378804
2023-02-03,109.4722018506186,0.34958684389981,109.72734719929346,6.914751122017476,-7.0607733794270615
2023-02-04,116.5136333693538,0.6075964023019318,111.83887099335662,6.295719862655356,7.041431518735195
2023-02-05,102.63038498851138,0.09889149273951689,109.67460475331742,6.5131205891022175,-13.883248380842417
2023-02-06,107.88189860415385,0.29131553397453297,108.68522471892051,6.117446451373076,5.251513615642466
2023-02-07,111.17948035042711,0.41214431827600806,109.30366188053961,6.119864628883,3.2975817462732664
2023-02-08,111.66084990528717,0.42978248545085224,110.83877489977108,4.888901168829097,0.48136955486005206
2023-02-09,109.4464614049302,0.34864367190311196,109.82641578189745,4.198187116944902,-2.2143885003569608
2023-02-10,115.0799973268818,0.555065634766468,110.62752942136362,4.631968992962771,5.633535921951591
2023-02-11,106.8946823916742,0.25514231857769526,109.25339356740939,3.974942396967677,-8.1853149352076
2023-02-12,111.78596342075724,0.43436684912614787,110.5613333434445,2.7500219567928066,4.891281029083046
2023-02-13,113.36241678970028,0.49213067690467743,111.34426451280828,2.6379143913357543,1.5764533689430351
2023-02-14,115.5941747010842,0.5739059340586429,111.97493513433072,3.0822588787656477,2.231757911383923
2023-02-15,116.83902417490604,0.6195192531917358,112.71467431570485,3.5761276320134425,1.2448494738218443
2023-02-16,107.91459978678348,0.2925137587484374,112.49583694168389,3.846132349990637,-8.92442438812256
2023-02-17,106.1219555403453,0.22682834390559015,111.21611668646439,4.305831240353701,-1.7926442464381864
2023-02-18,120.43344745221152,0.751224796307559,113.15022598082687,5.022284287149012,14.311491911866227
2023-02-19,115.95695691180688,0.5871988671413064,113.74608219383397,5.080538858653387,-4.47649054040464
2023-02-20,110.80103065454978,0.3982773029324764,113.38016988881246,5.203526645261362,-5.155926257257107
2023-02-21,122.5450197581834,0.8285962564642593,114.37314775411235,6.253675690080048,11.743989103633623
2023-02-22,115.61111741026494,0.5745267426118791,114.19773250202077,6.189875962575938,-6.933902347918462
2023-02-23,121.17037077466864,0.7782268711693958,116.09141407171865,5.971112475137702,5.559253364403702
2023-02-24,115.85024327109676,0.5832887049474621,117.48116946182598,4.104331548913615,-5.320127503571882
2023-02-25,126.05275173277656,0.9571252885722571,118.28392721619242,5.185209124523304,10.202508461679798
2023-02-26,124.75964335258642,0.9097436842420529,119.5414538505895,5.579260076664525,-1.2931083801901337
2023-02-27,114.96958249203162,0.5510198547706051,120.13696125594404,4.633095880058401,-9.790060860554803
2023-02-28,121.30123114949912,0.7830218091635399,119.95927716898915,4.5484290657034725,6.331648657467497
2023-03-01,119.89671111150568,0.7315578996153989,120.57150484059495,4.1352731462669485,-1.4045200379934357
2023-03-02,123.73689941714947,0.8722686750143932,120.9381517895208,4.307415630584273,3.8401883056437924
2023-03-03,112.29046413210354,0.4528525796770565,120.42961191252178,5.1382288707705035,-11.446435285045936
2023-03-04,120.76408308435734,0.7633398262151808,119.67408781989045,4.525940574719348,8.473618952253801
2023-03-05,122.8420728851448,0.8394807684992563,119.4001491816845,4.214118851558614,2.0779898007874635
2023-03-06,108.96973455207812,0.33117562091723907,118.54302804740544,5.635805441588319,-13.87233833306668
2023-03-07,112.05795515373858,0.4443330707287897,117.22256004801109,5.955625544732457,3.0882206016604528
2023-03-08,107.9862148834638,0.29513785292875444,115.52106058686222,6.71701991149664,-4.071740270274773
2023-03-09,117.04076089672436,0.626911216370153,114.56446936965865,5.760702402158013,9.054546013260563
2023-03-10,122.17819660792244,0.8151552567529528,115.97700258048992,6.29742202722299,5.13743571119808
2023-03-11,126.30221234322993,0.9662659330236794,116.76816390318602,7.271604687161377,4.124015735307481
2023-03-12,119.35807557740824,0.711821413373588,116.27045000208079,6.896117828481014,-6.944136765821682
2023-03-13,127.32506899938817,1.0037450725227826,118.89264063741078,7.1427307525833825,7.966993421979922
2023-03-14,112.47307157050722,0.4595436146488684,118.95194298266347,7.077958034046738,-14.85199742888095
2023-03-15,111.04543606914328,0.4072327167460703,119.38897458061766,6.344467696282778,-1.4276355013639375
2023-03-16,119.47054564560976,0.7159425004782372,119.7360866876013,6.260494665290339,8.425109576466483
2023-03-17,121.8516992239848,0.8031918590226668,119.68944420418163,6.240452008430263,2.3811535783750344
2023-03-18,119.9481243821542,0.7334417658748008,118.78171735259937,5.541207514781199,-1.90357484183059
2023-03-19,109.95173925700428,0.36715787816033923,117.4379550211131,6.444976445159147,-9.996385125149928
2023-03-20,120.01781472434192,0.7359953339049524,116.39406155324934,5.008309537411081,10.06607546733764
2023-03-21,114.112635008411,0.5196198984926125,116.62828490152133,4.829522183607401,-5.905179715930913
2023-03-22,124.15200502126017,0.8874788227410139,118.50065189468089,4.844989910330132,10.039370012849162
2023-03-23,122.802376065383,0.8380262121481139,118.97662766893419,5.112433043998154,-1.349628955877165
2023-03-24,116.43280273156552,0.604634635634795,118.20249959858859,5.013846141044853,-6.369573333817485
2023-03-25,118.72275052119448,0.6885420650252624,118.02744618988005,4.963884030719497,2.289947789628968
2023-03-26,116.15296077456324,0.5943807689946901,118.91333497810275,3.666149854034905,-2.569789746631244
2023-03-27,121.28963009154428,0.7825967274408874,119.0950228877031,3.76031377224229,5.136669316981042
2023-03-28,126.52978325139595,0.9746045030097487,120.86890120812951,3.942603213833118,5.240153159851673
2023-03-29,116.973532199056,0.6244478470181662,119.84340509067178,3.8793975836241295,-9.55625105233996
2023-03-30,124.567527210534,0.902704234828822,120.09556953997905,4.151607437260493,7.593995011478
2023-03-31,119.53817774985453,0.7184206513064557,120.53919454259179,3.8499408825110795,-5.0293494606794695
2023-04-01,118.36431035933784,0.675408231709103,120.48798880518369,3.8803901635418625,-1.1738673905166905
2023-04-02,121.9297682114321,0.8060524343080456,121.31324701045068,3.387808264457773,3.5654578520942692
2023-04-03,117.4219909208041,0.6408801074828102,120.76072712891637,3.6938651319967226,-4.507777290627999
2023-04-04,119.96027665651168,0.7338870450672791,119.82222618679005,2.6789631690305815,2.538285735707575
2023-04-05,116.8664944744768,0.6205258098617206,119.80693508327873,2.698169680871033,-3.093782182034886
2023-04-06,132.80391331226065,1.2044988820226044,120.98356166923966,5.480994018479487,15.937418837783852
2023-04-07,123.27805580237246,0.8554558950975171,121.51782996245653,5.498867201103856,-9.525857509888183
2023-04-08,119.72161218558792,0.7251419888119599,121.71173022334939,5.392027667595925,-3.5564436167845486
2023-04-09,124.4056977278522,0.8967745381113179,122.06543443998082,5.489048913514838,4.684085542264285
2023-04-10,122.88677948948568,0.8411188915446849,122.84611852122104,5.092882523375165,-1.518918238366524
2023-04-11,122.45326363895848,0.8252341623021666,123.20225951871346,4.942386589512299,-0.43351585052720054
2023-04-12,126.73571545837312,0.9821501956209149,124.61214823069864,4.183140768242847,4.282451819414646
2023-04-13,127.55627820641745,1.012216955725141,123.86248607272104,2.6652371009696973,0.820562748044324
2023-04-14,121.21718880936692,0.7799423604737535,123.56807650229167,2.8481055905870036,-6.339089397050529
2023-04-15,121.08866610553297,0.7752330785652928,123.7633699194267,2.574083794130906,-0.12852270383395137
2023-04-16,122.68768098831804,0.8338235970824568,123.51793895663609,2.5845151523320005,1.5990148827850703
2023-04-17,112.64564760716904,0.46586708266690335,122.05492011630515,4.88029540534139,-10.042033381148997
2023-04-18,116.66875710545554,0.6132803895057848,121.22856204009042,5.27534675300912,4.023109498286502
2023-04-19,131.16570185147228,1.1444721368298563,121.86141723910461,6.226156775048814,14.496944746016737
2023-04-20,132.6399612169432,1.198491409309221,122.5876576691797,7.21853819266947,1.474259365470914
2023-04-21,123.25092438680724,0.8544617556913208,122.87819132309974,7.195075063874625,-9.38903683013595
2023-04-22,127.45707773028792,1.0085820881600218,123.78796441235045,7.332400945539563,4.206153343480679
2023-04-23,126.20595583652212,0.9627389373093943,124.29057510495105,7.364920887930505,-1.2511218937657986
2023-04-24,140.11676331900165,1.4724536573946314,128.2150202066414,7.444319641820255,13.910807482479527
2023-04-25,130.3901491739312,1.116054619267192,130.17521907356652,5.431784648634162,-9.726614145070442
2023-04-26,124.21988300107256,0.8899659828518559,129.18295923779513,5.839786259588157,-6.170266172858646
2023-04-27,120.14626677914882,0.7407020271176028,127.39814574668165,6.481134865488953,-4.073616221923743
2023-04-28,116.9535585663352,0.6237159804730943,126.49852205804278,7.50838810664306,-3.1927082128136135
2023-04-29,126.06227496727487,0.9574742354477515,126.29926452046949,7.497209584720226,9.10871640093967
2023-04-30,121.31973817632752,0.783699936871894,125.60123342615597,7.7311615511990075,-4.742536790947355
2023-05-01,118.0441508034884,0.6636770623576516,122.44800306679693,4.75103517467265,-3.2755873728391123
2023-05-02,121.9738993250399,0.8076694704325104,121.24568165981248,3.2265064594409503,3.9297485215514882
2023-05-03,119.84781044654956,0.7297660993348267,120.6210998663092,2.9675892850923167,-2.126088878490336
2023-05-04,133.7375138173866,1.2387075302798003,122.56270658605743,5.748412953243844,13.88970337083704
2023-05-05,129.75375494879663,1.0927360948223037,124.39130606926621,5.702451394565556,-3.983758868589973
2023-05-06,125.34696645188887,0.9312641624412942,124.28911913849679,5.673854744518305,-4.406788496907751
2023-05-07,132.82537518151202,1.2052852799863276,125.93278156780886,6.302047638586193,7.4784087296231405
2023-05-08,125.84890127542016,0.9496558746693237,127.04774592094195,5.281561458515019,-6.976473906091854
2023-05-09,121.18965420652732,0.7789334476269099,126.93571090401159,5.413791108226037,-4.659247068892839
2023-05-10,133.14335181384777,1.2169364634527655,128.83507395648277,4.81141382055875,11.95369760732045
2023-05-11,128.2516098101759,1.0376950420420241,128.0513733840241,4.299329897889565,-4.8917420036718795
2023-05-12,120.3978608357252,0.7499208445215858,126.71481708215674,5.067525654001504,-7.853748974450696
2023-05-13,124.65716666572396,0.9059887709614868,126.61627425556175,5.105125408067667,4.259305829998766
2023-05-14,121.25330692375395,0.7812657872114165,124.9631216473106,4.608903015953854,-3.4038597419700096
2023-05-15,118.73774126960484,0.6890913505458532,123.94724164647984,5.13482541293182,-2.515565654149114
2023-05-16,130.30080755934932,1.1127809965011577,125.24883498259727,5.463562436108923,11.563066289744484
2023-05-17,135.2330562897238,1.293506650576954,125.5473641934367,5.997784705515235,4.932248730374482
2023-05-18,118.7070976874453,0.6879685196158348,124.18386246161806,6.354825868987258,-16.525958602278507
2023-05-19,128.5266898672641,1.047774424887078,125.3451237518379,6.290065156336187,9.819592179818812
2023-05-20,122.46852168693717,0.8257932421157792,125.03246018343978,6.38366095283053,-6.058168180326945
2023-05-21,123.2940188450482,0.8560408070689766,125.32399045791041,6.226984457242853,0.825497158111034
2023-05-22,122.77364600432198,0.8369734957583431,125.9005482771557,5.678184255162174,-0.5203728407262247
2023-05-23,121.4197290920798,0.787363767436578,124.63182278183147,5.521148231344011,-1.3539169122421697
2023-05-24,125.98449523524782,0.9546242589536905,123.31059977404918,3.1655074890174535,4.564766143168015
2023-05-25,121.5875174474543,0.7935118069879118,123.72208831119335,2.6049359399546663,-4.396977787793517
2023-05-26,127.09315035045404,0.9952471942096156,123.51729695164906,2.187099836196443,5.505632902999736
2023-05-27,125.48653213179756,0.9363780770402677,123.94844130091482,2.2426618726594008,-1.6066182186564788
2023-05-28,124.53813869113958,0.9016273914496212,124.1261727074993,2.2314251328680648,-0.9483934406579806
2023-05-29,121.18855867793825,0.7788933056690236,123.89973166087306,2.4602461805090647,-3.349580013201333
2023-05-30,122.83440273288728,0.8391997215854897,124.10182789527413,2.2735977502674007,1.6458440549490376
2023-05-31,129.48552524476676,1.082907720108591,124.60197503949111,3.0194980558855393,6.651122511879478
2023-06-01,128.20193557942898,1.0358748970466667,125.54689191548748,2.9531592420689847,-1.2835896653377858
2023-06-02,120.7968686553133,0.7645411431152747,124.64742310189595,3.3375488473885024,-7.405066924115673
2023-06-03,126.1671607134738,0.961317420599444,124.74465575642114,3.3757644312675334,5.370292058160501
2023-06-04,129.41189296290244,1.0802097129665198,125.44090636667298,3.801793708892486,3.244732249428637
2023-06-05,117.29103815022684,0.6360817839575046,124.88411771985707,4.706194646931401,-12.120854812675603
2023-06-06,128.33666737529384,1.0408116902344335,125.67015552591513,4.76590998474963,11.045629225067003
2023-06-07,122.28729010849548,0.8191526209014928,124.64183622073354,4.578355528705939,-6.049377266798359
2023-06-08,128.4327317259688,1.0443316450376419,124.67480709881066,4.608994970338158,6.145441617473324
2023-06-09,121.74160578713528,0.7991578555747973,124.8097695462138,4.4887779916032695,-6.6911259388335225
2023-06-10,116.51053502315315,0.6074828738336256,123.43025159045371,5.394566116370569,-5.231070763982132
2023-06-11,117.37320545783948,0.6390925283914767,121.7104390897304,5.0795595377268725,0.8626704346863221
2023-06-12,125.72629037747002,0.9451632109898954,122.91547512219371,4.8518505852284015,8.353084919630547
2023-06-13,126.75845004125334,0.9829832278919488,122.69001550304507,4.587410873115471,1.0321596637833181
2023-06-14,120.9112984918704,0.7687340393352504,122.49344527209863,4.636758900087326,-5.847151549382943
2023-06-15,128.59800877190642,1.0503876661070666,122.51705627866116,4.6723275457719815,7.686710280036024
2023-06-16,117.06878064333252,0.6279379056775294,121.84950982954648,5.114471694311867,-11.529228128573905
2023-06-17,125.01653514033988,0.9191566191742536,123.06465270343028,4.621260942278232,7.947754497007367
2023-06-18,119.26167433363082,0.7082891142565334,123.33443397140049,4.275841347691019,-5.754860806709061
2023-06-19,122.026713546894,0.8096046698336085,122.80592299560392,4.157940276635299,2.7650392132631794
2023-06-20,125.49139348739456,0.9365562050540785,122.62491491648123,3.981011979952035,3.4646799405005595
2023-06-21,120.92025656508244,0.7690622777775932,122.62619464122581,3.9803707048372483,-4.571136922312121
2023-06-22,123.26693624385248,0.8550484563010545,121.86461285150382,3.0481700444814237,2.3466796787700446
2023-06-23,130.18808615225726,1.1086506999288046,123.73879935277877,3.59259005103894,6.921149908404772
2023-06-24,122.23863886526622,0.8173699598406138,123.34195702776826,3.5813336803017832,-7.949447286991031
2023-06-25,129.2676533712687,1.0749245386035358,124.77138260457366,3.676911600603322,7.0290145060024685
2023-06-26,119.40642226597978,0.7135929150540855,124.39705527872879,4.110693738739812,-9.861231105288908
2023-06-27,127.6694610243768,1.0163641591457384,124.70820778401196,4.286027106787156,8.263038758397016
2023-06-28,132.19353752078302,1.1821337155078877,126.31867649196919,4.721343219479061,4.524076496406224
2023-06-29,112.59254777461436,0.4639214180229731,124.79376385350659,7.0304394352408295,-19.600989746168665
2023-06-30,120.93124237149428,0.7694648156782271,123.47135759911188,6.709961785039013,8.338694596879918
2023-07-01,127.7659511527348,1.019899715139086,124.26097364017882,6.864170340834845,6.834708781240522
2023-07-02,123.83020995021324,0.8756877254398633,123.48419600859947,6.501231137413001,-3.9357412025215552
2023-07-03,126.66603811527015,0.9795971038984722,124.52128398706952,6.318795480978268,2.8358281650569097
2023-07-04,121.7553311884304,0.7996607767091751,123.67640829622003,6.222349900127993,-4.910706926839751
2023-07-05,125.17328191713122,0.9249000772414497,122.67351463855549,5.082066513186703,3.4179507287008164
2023-07-06,123.92720108549948,0.8792416391458387,124.2927508258248,2.4683583022919873,-1.246080831631744
2023-07-07,130.50998116629142,1.1204454593043411,125.66114208222439,2.9098541731707352,6.582780080791949
2023-07-08,125.90893880282336,0.9518557477905262,125.39585460366561,2.767129912689021,-4.601042363468068
2023-07-09,126.2909424947543,0.9658529873576288,125.74738782431434,2.6903208494385735,0.3820036919309473
2023-07-10,122.5100204604629,0.8273138249976996,125.15367101648472,2.9039079758635227,-3.7809220342914074
2023-07-11,122.0982823118962,0.812227066345521,125.2026640341227,2.839189248490046,-0.4117381485666982
2023-07-12,122.34091306665997,0.8211174537226914,124.7980399126268,3.0388781939379106,0.24263075476376628
2023-07-13,126.44388797833928,0.9714571598294284,125.15756661160391,3.0674181197217716,4.102974911679311
2023-07-14,122.33521090725417,0.820908517283231,123.98974228888433,2.0906529340007953,-4.108677071085111
2023-07-15,125.85814634929922,0.9499946292851406,123.98248622409515,2.0829557549790607,3.5229354420450534
2023-07-16,134.75609725691098,1.276030092137876,125.19179404726039,4.592330100611443,8.897950907611758
2023-07-17,128.7052699597414,1.0543178913224018,126.07682969001446,4.58633043787039,-6.050827297169576
2023-07-18,122.6908632584015,0.8339402006589836,126.16148411094379,4.505410194999205,-6.014406701339894
2023-07-19,130.29921539068755,1.1127226568393669,127.29838444294774,4.383084656490904,7.6083521322860435
2023-07-20,122.22581299950656,0.8168999991583332,126.69580230311449,4.791097070432794,-8.073402391180991
2023-07-21,114.0495390772079,0.5173079604579429,125.51213489882215,6.6936960818772295,-8.176273922298662
2023-07-22,119.17467819541795,0.7051014335777865,124.55735373398197,7.100420028112831,5.125139118210058
2023-07-23,114.83712226565522,0.5461662956012393,121.7117858780883,6.2753953772868805,-4.337555929762729
2023-07-24,122.41055840720588,0.8236693728191431,120.81254137058322,5.510633682629822,7.573436141550658
2023-07-25,124.238380910205,0.8906437764729291,121.03361532084087,5.628331148475655,1.827822502999112
2023-07-26,132.50780505541198,1.1936489915727047,121.34912813008722,6.260691071844138,8.269424145206983
2023-07-27,125.74079785268692,0.9456947885908823,121.85126882339868,6.479849353230752,-6.767007202725054
2023-07-28,122.99246019738224,0.8449912053921559,123.12882898342359,5.491522205871377,-2.748337655304681
2023-07-29,128.2180979571342,1.0364671129793728,124.4207460922402,5.469961888130353,5.225637759751962
2023-07-30,112.99985166589316,0.4788456982413775,124.15827886370276,6.022619292736832,-15.218246291241044
2023-07-31,125.21945530849702,0.9265919457605883,124.5595498496015,5.9801908929333285,12.219603642603857
2023-08-01,127.88300372538804,1.0241887126958666,125.08021025177051,6.104925389820884,2.663548416891018
2023-08-02,116.6245270527231,0.6116597280901,122.81117053710067,5.829669934910527,-11.25847667266494
2023-08-03,129.72653822756598,1.0917388296771144,123.38056201922625,6.3361457365220915,13.102011174842886
2023-08-04,125.69213244658611,0.9439116085792437,123.76622948339823,6.3905140094878625,-4.034405780979867
2023-08-05,121.91670890228464,0.8055739198785281,122.86603104699115,6.095915418416268,-3.775423544301475
2023-08-06,127.15221404874846,0.9974113846407792,124.88779710168477,4.3851684121230035,5.235505146463822
2023-08-07,135.3386254647274,1.2973748776769518,126.3333928382891,5.914104596751491,8.186411415978924
2023-08-08,124.89309064304324,0.9146334110524482,125.90626239795412,5.891461232279173,-10.445534821684149
2023-08-09,125.22524323323827,0.926804024782103,127.13493613802773,4.320524556803815,0.3321525901950366
2023-08-10,121.68953995908016,0.797250078545567,125.98679352824404,4.577297468012769,-3.5357032741581094
2023-08-11,119.74118992441998,0.7258593491579541,125.1366588822203,5.1570590694135126,-1.94835003466018
2023-08-12,128.1480607161098,1.0339008340089204,126.02685199848104,5.045210701162093,8.406870791689812
2023-08-13,119.72387373516962,0.7252248556846018,124.96566052511264,5.52725233059286,-8.424186980940178
2023-08-14,124.37201489954596,0.895540344235555,123.39900187294386,3.1325226287991117,4.648141164376341
2023-08-15,121.6378046068937,0.7953544106922485,122.93396101063679,3.1153346971427194,-2.7342102926522642
2023-08-16,126.43495343861908,0.9711297836926867,123.10677675426261,3.29215680164725,4.79714883172538
2023-08-17,125.72441810200388,0.9450946077570243,123.68318791753742,3.3552822963089657,-0.7105353366151945
2023-08-18,129.26198719412324,1.0747169206128988,125.04330181320931,3.420082851185634,3.537569092119355
2023-08-19,121.5445472123088,0.7919373073474867,124.09994274123775,3.330517272019638,-7.717439981814437
2023-08-20,122.76779266465144,0.8367590198269143,124.5347883025923,2.824154181355268,1.2232454523426384
2023-08-21,119.24811721099124,0.7077923591271063,123.80280291851305,3.4647476789536453,-3.5196754536601986
2023-08-22,121.94750150512712,0.8067022111699085,123.8470453325464,3.4343384316752292,2.699384294135882
2023-08-23,126.08479843498506,0.9582995321139376,123.7970231891701,3.3926596709634316,4.137296929857939
2023-08-24,128.0148952673184,1.0290214343377495,124.12423421278648,3.705558037094732,1.9300968323333336
2023-08-25,119.65314103919007,0.7226330941080366,122.75154190493888,3.2349946281057345,-8.36175422812832
2023-08-26,128.64840251072667,1.0522341750540967,123.76637837614143,3.84919945868219,8.995261471536594
2023-08-27,131.11738703281304,1.1427018029150295,124.95917757159307,4.690038810054371,2.468984522086373
2023-08-28,126.44764574932935,0.9715948506996934,125.98768164849852,3.9617623784354343,-4.669741283483688
2023-08-29,133.8082008180268,1.2412976175044534,127.68206726462707,4.451857908712325,7.360555068697437
2023-08-30,120.60153093712086,0.7573836498873686,126.89874333636074,5.199387550007079,-13.206669880905935
2023-08-31,118.29599013445063,0.672904867015975,125.51032831737963,6.075490090471107,-2.3055408026702224
2023-09-01,115.6770068012621,0.5769410375786523,124.94230914053277,6.8507728002901045,-2.618983333188538
2023-09-02,132.10475705195717,1.178880654039414,125.43607407499427,7.273896630061448,16.42775025069507
2023-09-03,127.9528988910918,1.0267497857943824,124.98400434046268,6.953224120566937,-4.151858160865359
2023-09-04,124.46231387508494,0.8988490462716379,124.7003855012849,6.924001628049146,-3.490585016006861
2023-09-05,126.20190154670844,0.9625903815048426,123.613771319668,5.754533418739085,1.7395876716234966
2023-09-06,119.239111202292,0.7074623642501732,123.41913992897814,5.894726719378494,-6.962790344416447
2023-09-07,137.16251267858607,1.3642050859053323,126.11435743528321,7.306059898586252,17.923401476294075
2023-09-08,125.64977403041097,0.942359526985766,127.53903846801877,5.734989169093394,-11.512738648175102
2023-09-09,125.62329630648028,0.9413893399093637,126.61311550437922,5.387695133625001,-0.026477723930682373
2023-09-10,128.78056760174462,1.0570769199816001,126.73135389161533,5.430907228920852,3.157271295264337
2023-09-11,127.63496897135468,1.015100313953899,127.1845903339396,5.341637306451253,-1.1455986303899408
2023-09-12,126.43032486921912,0.9709601853455695,127.21722223715538,5.3353275427880815,-1.2046441021355605
2023-09-13,121.44232460578404,0.788191703985728,127.53196700908282,4.827008338522931,-4.988000263435083
2023-09-14,127.83865676649194,1.0225637676472903,126.19998759306938,2.4058096891740854,6.3963321607079
2023-09-15,134.98089644878846,1.2842671019094176,127.53300508140902,4.063877408779369,7.14223968229652
2023-09-16,132.3901881539589,1.1893393160864354,128.4997039167631,4.330017145632467,-2.590708294829568
2023-09-17,133.72420322170092,1.238219808300854,129.20593757675687,4.764791663669138,1.3340150677420297
2023-09-18,123.30025446768478,0.8562692904730325,128.58669264766115,5.259029350225017,-10.423948754016138
2023-09-19,121.00926363978644,0.7723236424557757,127.81225532917078,5.979319561214742,-2.290990827898341
2023-09-20,125.43221083860604,0.9343876560824147,128.3822390767168,5.436420368523881,4.4229471988196
2023-09-21,126.44654032207914,0.9715543460386862,128.18336529894353,5.484866923698989,1.0143294834731051
2023-09-22,131.74856525167516,1.1658292043657652,127.72160369935591,4.924669964745385,5.302024929596016
2023-09-23,117.92790607450505,0.6594176655131647,125.65556340229107,5.623691260544777,-13.820659177170114
2023-09-24,134.15353926901247,1.2539513827226505,125.71689712333558,5.727735632898038,16.225633194507424
2023-09-25,125.83424986185148,0.9491190229318942,126.0788964653594,5.628765971284864,-8.319289407160994
2023-09-26,124.61133439984448,0.9043094018376558,126.59347800251054,5.239227686061205,-1.2229154620069949
2023-09-27,121.80962158353836,0.8016500655107506,126.07596525178658,5.54314960348335,-2.8017128163061216
2023-09-28,118.72322085468385,0.6885592988129615,124.97263389930154,6.188203682980915,-3.086400728854514
2023-09-29,131.24367778416888,1.1473293024370932,124.90050711822923,6.098353859012126,12.520456929485036
2023-09-30,127.62769722199738,1.0148338651734918,126.28619156787097,5.299670894305077,-3.615980562171501
2023-10-01,120.9475483779054,0.7700622944014446,124.39962144056997,4.28584866878194,-6.680148844091974
2023-10-02,121.06116769522548,0.7742254918719738,123.71775255962339,4.397792843712072,0.11361931732007235
2023-10-03,125.99980926786486,0.9551853901359459,123.91610611219775,4.475439955448628,4.9386415726393835
2023-10-04,136.16897259297352,1.3278001534620292,125.96744197068848,6.277167422026287,10.169163325108656
2023-10-05,126.67399899155248,0.9798888034156275,127.10326741881258,5.406890236399176,-9.494973601421037
2023-10-06,120.6072870537596,0.7575945634080247,125.5837830287541,5.542257443181325,-6.066711937792874
2023-10-07,127.04828369282254,0.9936032065500491,125.50100966744343,5.510881997758457,6.440996639062931
2023-10-08,127.07032444064396,0.9944108155706193,126.37569196212034,5.14120896425842,0.02204074782142129
2023-10-09,115.1093925193501,0.5561427226580014,125.52543836556673,6.483530344735151,-11.960931921293863
2023-10-10,128.48516822977243,1.0462530042320792,125.88048964583923,6.581154123978709,13.375775710422332
2023-10-11,127.76771246910693,1.0199642526494161,124.680309628144,4.958078285795042,-0.7174557606655014
2023-10-12,132.57207671039205,1.196004010048005,125.5228921594068,5.785482043834624,4.804364241285128
2023-10-13,138.5073929500811,1.4134836969418691,128.0800501445956,7.065072580153924,5.935316239689058
2023-10-14,135.0699027877954,1.2875284396304576,129.22599572959172,7.506582248858862,-3.4374901622857124
2023-10-15,128.26998582186144,1.0383683691414307,129.3973759269085,7.462730737770152,-6.79991696593396
2023-10-16,124.26202587426368,0.8915101665981451,130.70489497761042,4.905986279021019,-4.0079599475977545
2023-10-17,142.84454227341672,1.5724039361944246,132.75623412670248,6.549810578927534,18.582516399153036
2023-10-18,130.45977130141364,1.1186056877990616,133.14081395988916,6.281629212260725,-12.384770972003082
2023-10-19,130.42209499524333,1.117225166367963,132.8336737148679,6.36606652757337,-0.03767630617031159
2023-10-20,130.42341069017857,1.1172733755805828,131.67881910631039,5.879955667643935,0.0013156949352435277
2023-10-21,131.72884952579017,1.1651067879486448,131.2015257831668,5.691392097055638,1.3054388356115965
2023-10-22,130.21379825489075,1.1095928333896508,131.47921327359956,5.570660803763904,-1.51505127089942
2023-10-23,128.26723203391643,1.0382674658507098,132.05138558212138,4.867082154912736,-1.9465662209743186
2023-10-24,128.60393762211115,1.0506049088678722,130.0170134890777,1.1939367375379726,0.3367055881947181
2023-10-25,131.37988527391596,1.1523201674603774,130.14845834229234,1.2970061921546219,2.775947651804813
2023-10-26,129.03465582452395,1.0663871277113843,129.9502527464753,1.3530232320117275,-2.345229449392008
2023-10-27,128.39836649968078,1.0430724469846078,129.6609607192613,1.448141023428169,-0.636289324843176
2023-10-28,132.7082280848229,1.2009928189143952,129.80087194198026,1.7056437089734502,4.30986158514213
2023-10-29,131.11731552579084,1.1426991827808748,129.92994583782314,1.7748811156013777,-1.5909125590320627
2023-10-30,140.13091090516963,1.472972048072712,131.62475710514505,4.084311291102154,9.013595379378785
2023-10-31,119.57743672580747,0.7198591643448895,130.33525697710166,6.116405483717563,-20.553474179362155
2023-11-01,138.51373029329267,1.4137159075540302,131.35437769415546,6.867658801721174,18.936293567485194
2023-11-02,139.5130769650211,1.450333602802112,132.85129499994076,7.399170660718382,0.9993466717284321
2023-11-03,123.14467300079257,0.8505685312649637,132.10076735724246,8.154071120278426,-16.368403964228534
2023-11-04,132.0296502864881,1.17612861940837,132.00382767176606,8.149678142839036,8.884977285695541
2023-11-05,132.11981095891468,1.1794322537923907,132.14704130506948,8.140306099033776,0.09016067242657755
2023-11-06,127.17581805962494,0.9982762741744707,130.29631375570594,7.467507837811143,-4.943992899289739
2023-11-07,130.56305910495638,1.1223903217203717,131.86568838129864,5.809737675341759,3.387241045331436
2023-11-08,129.14040393113044,1.070261911157734,130.5266417581326,5.053014021276823,-1.4226551738259445
2023-11-09,143.6981197338076,1.6036804093137733,131.1245050108164,6.369555652333506,14.557715802677166
2023-11-10,139.86095602566505,1.463080460110214,133.51254544294105,6.002168121291195,-3.8371637081425547
2023-11-11,141.78841602032216,1.5337057442922812,134.90665483348874,6.693808105957675,1.927459994657113
2023-11-12,139.28932437475748,1.4421349422241254,135.930871035752,6.744634453649992,-2.4990916455646754
2023-11-13,130.2882421471507,1.1123205792630033,136.37550304825567,6.1474247759266625,-9.001082227606787
2023-11-14,133.56561581988856,1.2324089067248212,136.80443972181743,5.767264562550771,3.277373672737866
2023-11-15,138.8919504189383,1.4275745110690943,138.19751779150425,4.683368338398728,5.326334599049744
2023-11-16,130.5934078220101,1.1235023483110258,136.3254160898189,4.737019935026049,-8.2985425969282
2023-11-17,140.53008091698143,1.487598289654542,136.42100536000697,4.826167383818389,9.936673094971326
2023-11-18,136.0265395606059,1.3225811743829503,135.59788015147606,4.210208031435637,-4.5035413563755355
2023-11-19,135.6191388209251,1.3076533454808206,135.0735679295,3.890254454883035,-0.4074007396808099
2023-11-20,141.31507957313335,1.5163619233107273,136.6488304189261,3.8620253693856905,5.695940752208259
2023-11-21,140.250555192364,1.477356010285825,137.6038217578512,3.7985433524049705,-1.0645243807693419
2023-11-22,136.49524963170137,1.3397554773837261,137.26143593110302,3.7710000868791425,-3.7553055606626344
2023-11-23,144.3694145622453,1.628277748900476,139.22943689399378,3.272924705290623,7.874164930543941
2023-11-24,133.44193704033808,1.227877114118356,138.21684491161616,3.849205519348775,-10.927477521907235
2023-11-25,142.20318214949836,1.5489034531025105,139.0992224243151,3.969500709580448,8.761245109160285
2023-11-26,142.36698187761567,1.5549053428326725,140.0632000038423,3.7992129851982575,0.16379972811731136
2023-11-27,138.13339412380864,1.3997797687345541,139.60867351108163,3.8147718103806225,-4.233587753807029
2023-11-28,141.59307914925225,1.5265482821043292,139.80046264777997,3.8855131777110556,3.459685025443605
2023-11-29,133.98972809921253,1.2479490737505383,139.44253100028155,4.330640318076331,-7.60335105003972
2023-11-30,145.14986401367787,1.656874692261144,139.55402377905764,4.485887637950643,11.160135914465343
2023-12-01,139.8911584737195,1.4641871271656932,140.47534112668356,3.5952144886726867,-5.258705539958356
2023-12-02,138.48945745515104,1.4128265110963036,139.9448090274911,3.5716815021357644,-1.401701018568474
2023-12-03,146.63694068042992,1.7113636116062991,140.55480314217883,4.336944153066468,8.147483225278876
2023-12-04,138.16037169152594,1.4007682709041744,140.55865708042415,4.334445060378853,-8.476568988903978
2023-12-05,134.93130745569158,1.2824500801608585,139.6069754099155,4.778103400884708,-3.2290642358343575
2023-12-06,134.48327427064086,1.2660334120562462,139.6774820058338,4.684116430587612,-0.44803318505071843
2023-12-07,145.5905123304219,1.6730207667221768,139.74043176536867,4.77205239713392,11.107238059781025
2023-12-08,136.45354794220577,1.3382274593290515,139.249344546581,4.92827935857792,-9.136964388216114
2023-12-09,151.9260405495082,1.9051648745930516,141.16885641720347,6.831997475431364,15.472492607302428
2023-12-10,133.03989310868067,1.2131455674166405,139.22642104981068,6.9501300934092,-18.88614744082753
2023-12-11,152.23034051674193,1.9163149226988747,141.23641659627015,8.460799169133956,19.19044740806126
2023-12-12,145.10266469169215,1.6551452319674504,142.68946762998448,8.061479469233207,-7.127675825049778
2023-12-13,143.86448246805773,1.6097762117772694,144.0296402296155,7.204065051973103,-1.2381822236344249
2023-12-14,141.92482681249163,1.5387040586485714,143.50597086991115,7.204924591973375,-1.9396556555660993
2023-12-15,146.94733187313165,1.7227368521679378,145.00508286004342,6.5554121323109245,5.022505060640015
2023-12-16,145.06651271479606,1.6538205644521156,144.0251503122274,5.819834090511814,-1.8808191583355836
2023-12-17,151.07498722947517,1.8739808901015256,146.60159232948376,3.7811101434242858,6.008474514679108
2023-12-18,146.43411489409044,1.7039317433240082,145.77356009767638,2.8672444494570573,-4.640872335384728
2023-12-19,146.91964189081497,1.721722245963123,146.03312826897965,2.8786083958390867,0.4855269967245306
2023-12-20,144.65583622405993,1.6387727066778774,146.14617880555141,2.7935271486056483,-2.2638056667550472
2023-12-21,146.49549112451135,1.7061806687115733,146.79913085012566,2.0872847361766027,1.8396549004514213
2023-12-22,148.62605762411883,1.7842481071646026,147.03894881455238,2.2005171634995433,2.1305664996074825
2023-12-23,138.84349360325544,1.425798974151261,146.1499460843323,3.8034273073443066,-9.78256402086339
2023-12-24,140.96110202951897,1.5033916076200595,144.7051053414814,3.532031394535756,2.11760842626353
2023-12-25,151.7263993860502,1.8978496960976512,145.46114598318997,4.418887275016158,10.76529735653122
2023-12-26,149.17276139504605,1.8042802267894833,145.7830201980801,4.620300244163256,-2.5536379910041376
2023-12-27,147.70712754336407,1.7505770072317086,146.2189189579807,4.640126387287302,-1.4656338516819858
2023-12-28,149.02802778761497,1.798976950880333,146.58070990985266,4.762404657723443,1.3209002442509075
2023-12-29,150.9827335064713,1.8706005629237568,146.91737789304585,5.008059103418855,1.9547057188563315
2023-12-30,146.85509543415512,1.7193571583051772,148.06189244031725,3.5620876986530705,-4.127638072316188
2023-12-31,145.97149007161858,1.6869804137777022,148.77766216061718,2.1013125340631116,-0.8836053625365423
2024-01-01,151.15135983704675,1.8767793072559258,148.6955136536167,1.9742187057534093,5.17986976542818
